Datetime;Value
1-12-2025 0:00;9.04
1-12-2025 0:20;8.72
1-12-2025 0:40;8.37
1-12-2025 1:00;10.7
1-12-2025 1:20;11.9
1-12-2025 1:40;11.9
1-12-2025 2:00;12.0
1-12-2025 2:20;14.2
1-12-2025 2:40;24.5
1-12-2025 3:00;56.7
1-12-2025 3:20;65.5
1-12-2025 3:40;61.3
1-12-2025 4:00;35.9
1-12-2025 4:20;21.6
1-12-2025 4:40;14.0
1-12-2025 5:00;11.2
1-12-2025 5:20;10.0
1-12-2025 5:40;9.21
1-12-2025 6:00;8.98
1-12-2025 6:20;8.81
1-12-2025 6:40;8.38
1-12-2025 7:00;10.1
1-12-2025 7:20;10.1
1-12-2025 7:40;9.8
1-12-2025 8:00;9.8
1-12-2025 8:20;9.39
1-12-2025 8:40;9.3
1-12-2025 9:00;9.17
1-12-2025 9:20;8.9
1-12-2025 9:40;8.87
1-12-2025 10:00;8.7
1-12-2025 10:20;8.51
1-12-2025 10:40;8.44
1-12-2025 11:00;8.52
1-12-2025 11:20;8.4
1-12-2025 11:40;8.07
1-12-2025 12:00;7.58
1-12-2025 12:20;7.31
1-12-2025 12:40;8.8
1-12-2025 13:00;10.6
1-12-2025 13:20;34.8
1-12-2025 13:40;196.0
1-12-2025 14:00;245.0
1-12-2025 14:20;190.0
1-12-2025 14:40;192.0
1-12-2025 15:00;149.0
1-12-2025 15:20;86.1
1-12-2025 15:40;56.1
1-12-2025 16:00;36.1
1-12-2025 16:20;30.1
1-12-2025 16:40;14.4
1-12-2025 17:00;9.0
1-12-2025 17:20;7.92
1-12-2025 17:40;7.42
1-12-2025 18:00;7.2
1-12-2025 18:20;7.32
1-12-2025 18:40;9.5
1-12-2025 19:00;11.3
1-12-2025 19:20;10.9
1-12-2025 19:40;10.4
1-12-2025 20:00;9.98
1-12-2025 20:20;10.0
1-12-2025 20:40;9.88
1-12-2025 21:00;9.41
1-12-2025 21:20;9.24
1-12-2025 21:40;9.03
1-12-2025 22:00;8.85
1-12-2025 22:20;8.69
1-12-2025 22:40;8.83
1-12-2025 23:00;8.83
1-12-2025 23:20;8.69
1-12-2025 23:40;8.05
2-12-2025 0:00;7.55
2-12-2025 0:20;7.64
2-12-2025 0:40;8.95
2-12-2025 1:00;8.8
2-12-2025 1:20;8.43
2-12-2025 1:40;10.0
2-12-2025 2:00;16.1
2-12-2025 2:20;35.8
2-12-2025 2:40;63.5
2-12-2025 3:00;77.0
2-12-2025 3:20;71.3
2-12-2025 3:40;81.6
2-12-2025 4:00;123.0
2-12-2025 4:20;87.3
2-12-2025 4:40;54.6
2-12-2025 5:00;63.3
2-12-2025 5:20;58.5
2-12-2025 5:40;18.6
2-12-2025 6:00;9.94
2-12-2025 6:20;9.68
2-12-2025 6:40;10.2
2-12-2025 7:00;9.14
2-12-2025 7:20;8.66
2-12-2025 7:40;8.37
2-12-2025 8:00;7.8
2-12-2025 8:20;7.8
2-12-2025 8:40;7.8
2-12-2025 9:00;7.8
2-12-2025 9:20;7.58
2-12-2025 9:40;7.5
2-12-2025 10:00;7.5
2-12-2025 10:20;7.5
2-12-2025 10:40;7.26
2-12-2025 11:00;7.2
2-12-2025 11:20;6.54
2-12-2025 11:40;6.44
2-12-2025 12:00;6.31
2-12-2025 12:20;8.63
2-12-2025 12:40;8.7
2-12-2025 13:00;8.6
2-12-2025 13:20;8.33
2-12-2025 13:40;7.63
2-12-2025 14:00;7.96
2-12-2025 14:20;7.76
2-12-2025 14:40;7.14
2-12-2025 15:00;6.95
2-12-2025 15:20;6.93
2-12-2025 15:40;7.03
2-12-2025 16:00;7.29
2-12-2025 16:20;7.08
2-12-2025 16:40;6.96
2-12-2025 17:00;7.2
2-12-2025 17:20;6.67
2-12-2025 17:40;6.4
2-12-2025 18:00;6.05
2-12-2025 18:20;9.3
2-12-2025 18:40;9.29
2-12-2025 19:00;9.0
2-12-2025 19:20;8.58
2-12-2025 19:40;8.4
2-12-2025 20:00;8.4
2-12-2025 20:20;8.4
2-12-2025 20:40;8.4
2-12-2025 21:00;8.27
2-12-2025 21:20;7.75
2-12-2025 21:40;7.5
2-12-2025 22:00;7.5
2-12-2025 22:20;7.5
2-12-2025 22:40;7.5
2-12-2025 23:00;7.4
2-12-2025 23:20;7.2
2-12-2025 23:40;7.16
3-12-2025 0:00;9.05
3-12-2025 0:20;10.5
3-12-2025 0:40;9.92
3-12-2025 1:00;9.42
3-12-2025 1:20;9.0
3-12-2025 1:40;8.73
3-12-2025 2:00;9.6
3-12-2025 2:20;8.75
3-12-2025 2:40;8.37
3-12-2025 3:00;8.44
3-12-2025 3:20;7.65
3-12-2025 3:40;7.5
3-12-2025 4:00;7.5
3-12-2025 4:20;7.5
3-12-2025 4:40;7.19
3-12-2025 5:00;7.65
3-12-2025 5:20;7.34
3-12-2025 5:40;8.21
3-12-2025 6:00;7.81
3-12-2025 6:20;8.7
3-12-2025 6:40;8.64
3-12-2025 7:00;8.4
3-12-2025 7:20;7.86
3-12-2025 7:40;7.62
3-12-2025 8:00;7.51
3-12-2025 8:20;7.5
3-12-2025 8:40;7.4
3-12-2025 9:00;7.5
3-12-2025 9:20;7.33
3-12-2025 9:40;7.2
3-12-2025 10:00;7.2
3-12-2025 10:20;7.2
3-12-2025 10:40;6.95
3-12-2025 11:00;6.9
3-12-2025 11:20;6.9
3-12-2025 11:40;8.86
3-12-2025 12:00;15.1
3-12-2025 12:20;381.0
3-12-2025 12:40;765.0
3-12-2025 13:00;657.0
3-12-2025 13:20;462.0
3-12-2025 13:40;384.0
3-12-2025 14:00;385.0
3-12-2025 14:20;312.0
3-12-2025 14:40;259.0
3-12-2025 15:00;239.0
3-12-2025 15:20;234.0
3-12-2025 15:40;234.0
3-12-2025 16:00;128.0
3-12-2025 16:20;147.0
3-12-2025 16:40;57.3
3-12-2025 17:00;14.5
3-12-2025 17:20;12.6
3-12-2025 17:40;29.5
3-12-2025 18:00;12.5
3-12-2025 18:20;11.6
3-12-2025 18:40;10.6
3-12-2025 19:00;10.3
3-12-2025 19:20;9.8
3-12-2025 19:40;9.8
3-12-2025 20:00;10.2
3-12-2025 20:20;15.2
3-12-2025 20:40;58.3
3-12-2025 21:00;82.4
3-12-2025 21:20;114.0
3-12-2025 21:40;136.0
3-12-2025 22:00;64.9
3-12-2025 22:20;76.1
3-12-2025 22:40;48.6
3-12-2025 23:00;16.4
3-12-2025 23:20;11.1
3-12-2025 23:40;14.1
4-12-2025 0:00;13.3
4-12-2025 0:20;12.2
4-12-2025 0:40;11.3
4-12-2025 1:00;10.5
4-12-2025 1:20;10.1
4-12-2025 1:40;9.8
4-12-2025 2:00;9.34
4-12-2025 2:20;10.1
4-12-2025 2:40;9.71
4-12-2025 3:00;9.37
4-12-2025 3:20;9.79
4-12-2025 3:40;9.71
4-12-2025 4:00;10.1
4-12-2025 4:20;11.1
4-12-2025 4:40;8.82
4-12-2025 5:00;9.18
4-12-2025 5:20;8.61
4-12-2025 5:40;11.2
4-12-2025 6:00;10.5
4-12-2025 6:20;10.1
4-12-2025 6:40;9.81
4-12-2025 7:00;9.31
4-12-2025 7:20;8.92
4-12-2025 7:40;8.96
4-12-2025 8:00;9.14
4-12-2025 8:20;8.71
4-12-2025 8:40;8.69
4-12-2025 9:00;8.4
4-12-2025 9:20;8.6
4-12-2025 9:40;8.7
4-12-2025 10:00;8.41
4-12-2025 10:20;8.4
4-12-2025 10:40;8.24
4-12-2025 11:00;8.53
4-12-2025 11:20;14.1
4-12-2025 11:40;15.0
4-12-2025 12:00;13.8
4-12-2025 12:20;15.4
4-12-2025 12:40;21.2
4-12-2025 13:00;31.0
4-12-2025 13:20;43.7
4-12-2025 13:40;27.1
4-12-2025 14:00;36.6
4-12-2025 14:20;49.2
4-12-2025 14:40;67.3
4-12-2025 15:00;109.0
4-12-2025 15:20;67.4
4-12-2025 15:40;42.1
4-12-2025 16:00;76.8
4-12-2025 16:20;32.5
4-12-2025 16:40;49.6
4-12-2025 17:00;77.4
4-12-2025 17:20;37.8
4-12-2025 17:40;14.3
4-12-2025 18:00;12.4
4-12-2025 18:20;12.1
4-12-2025 18:40;11.8
4-12-2025 19:00;15.9
4-12-2025 19:20;49.1
4-12-2025 19:40;169.0
4-12-2025 20:00;305.0
4-12-2025 20:20;353.0
4-12-2025 20:40;273.0
4-12-2025 21:00;255.0
4-12-2025 21:20;229.0
4-12-2025 21:40;228.0
4-12-2025 22:00;167
4-12-2025 22:20;65.5
4-12-2025 22:40;51.8
4-12-2025 23:00;31.4
4-12-2025 23:20;14.4
4-12-2025 23:40;12.8
5-12-2025 0:00;11.9
5-12-2025 0:20;11.5
5-12-2025 0:40;10.8
5-12-2025 1:00;10.4
5-12-2025 1:20;10.2
5-12-2025 1:40;10.1
5-12-2025 2:00;10.1
5-12-2025 2:20;10.1
5-12-2025 2:40;9.82
5-12-2025 3:00;9.8
5-12-2025 3:20;9.8
5-12-2025 3:40;9.8
5-12-2025 4:00;9.78
5-12-2025 4:20;9.73
5-12-2025 4:40;10.8
5-12-2025 5:00;12.8
5-12-2025 5:20;11.8
5-12-2025 5:40;11.6
5-12-2025 6:00;11.1
5-12-2025 6:20;10.6
5-12-2025 6:40;10.2
5-12-2025 7:00;10.1
5-12-2025 7:20;9.94
5-12-2025 7:40;9.8
5-12-2025 8:00;9.47
5-12-2025 8:20;9.92
5-12-2025 8:40;9.84
5-12-2025 9:00;9.48
5-12-2025 9:20;9.61
5-12-2025 9:40;9.77
5-12-2025 10:00;9.3
5-12-2025 10:20;9.3
5-12-2025 10:40;10.1
5-12-2025 11:00;11.9
5-12-2025 11:20;11.7
5-12-2025 11:40;11.7
5-12-2025 12:00;10.7
5-12-2025 12:20;9.99
5-12-2025 12:40;9.92
5-12-2025 13:00;10.1
5-12-2025 13:20;9.8
5-12-2025 13:40;9.8
5-12-2025 14:00;9.7
5-12-2025 14:20;9.6
5-12-2025 14:40;9.31
5-12-2025 15:00;9.68
5-12-2025 15:20;10.1
5-12-2025 15:40;9.42
5-12-2025 16:00;9.3
5-12-2025 16:20;9.45
5-12-2025 16:40;11.4
5-12-2025 17:00;16.2
5-12-2025 17:20;15.7
5-12-2025 17:40;14.9
5-12-2025 18:00;14.6
5-12-2025 18:20;14.3
5-12-2025 18:40;14
5-12-2025 19:00;13.6
5-12-2025 19:20;13.8
5-12-2025 19:40;14.4
5-12-2025 20:00;13.3
5-12-2025 20:20;13.4
5-12-2025 20:40;12.9
5-12-2025 21:00;13.4
5-12-2025 21:20;13
5-12-2025 21:40;12.2
5-12-2025 22:00;12.1
5-12-2025 22:20;12.2
5-12-2025 22:40;14.6
5-12-2025 23:00;13.7
5-12-2025 23:20;13
5-12-2025 23:40;13.1
6-12-2025 0:00;11.9
6-12-2025 0:20;11.6
6-12-2025 0:40;10.9
6-12-2025 1:00;10.5
6-12-2025 1:20;10.5
6-12-2025 1:40;10.5
6-12-2025 2:00;10.4
6-12-2025 2:20;10.4
6-12-2025 2:40;10.5
6-12-2025 3:00;10.4
6-12-2025 3:20;10.4
6-12-2025 3:40;10.7
6-12-2025 4:00;10.1
6-12-2025 4:20;9.73
6-12-2025 4:40;13
6-12-2025 5:00;12.6
6-12-2025 5:20;12
6-12-2025 5:40;11.8
6-12-2025 6:00;11.7
6-12-2025 6:20;11.4
6-12-2025 6:40;11.3
6-12-2025 7:00;10.8
6-12-2025 7:20;10.5
6-12-2025 7:40;10.6
6-12-2025 8:00;11
6-12-2025 8:20;10.5
6-12-2025 8:40;10.3
6-12-2025 9:00;10.1
6-12-2025 9:20;10.1
6-12-2025 9:40;10.1
6-12-2025 10:00;10.1
6-12-2025 10:20;12.1
6-12-2025 10:40;16.2
6-12-2025 11:00;34.6
6-12-2025 11:20;47.4
6-12-2025 11:40;18.2
6-12-2025 12:00;12.8
6-12-2025 12:20;11.8
6-12-2025 12:40;11.4
6-12-2025 13:00;11.8
6-12-2025 13:20;11.1
6-12-2025 13:40;10.5
6-12-2025 14:00;10.3
6-12-2025 14:20;10.4
6-12-2025 14:40;10.4
6-12-2025 15:00;10.1
6-12-2025 15:20;10.4
6-12-2025 15:40;10.7
6-12-2025 16:00;10.9
6-12-2025 16:20;13.1
6-12-2025 16:40;14.5
6-12-2025 17:00;13.8
6-12-2025 17:20;13.4
6-12-2025 17:40;13
6-12-2025 18:00;12.8
6-12-2025 18:20;12.4
6-12-2025 18:40;12.2
6-12-2025 19:00;12.1
6-12-2025 19:20;11.9
6-12-2025 19:40;11.8
6-12-2025 20:00;11.6
6-12-2025 20:20;11.6
6-12-2025 20:40;11.5
6-12-2025 21:00;11.3
6-12-2025 21:20;11.3
6-12-2025 21:40;11.3
6-12-2025 22:00;11.7
6-12-2025 22:20;13.1
6-12-2025 22:40;13.9
6-12-2025 23:00;13.5
6-12-2025 23:20;12.5
6-12-2025 23:40;11.9
7-12-2025 0:00;11.6
7-12-2025 0:20;11.4
7-12-2025 0:40;11.4
7-12-2025 1:00;11.2
7-12-2025 1:20;10.7
7-12-2025 1:40;10.7
7-12-2025 2:00;10.7
7-12-2025 2:20;10.7
7-12-2025 2:40;10.7
7-12-2025 3:00;10.6
7-12-2025 3:20;10.7
7-12-2025 3:40;10.6
7-12-2025 4:00;11.3
7-12-2025 4:20;13.4
7-12-2025 4:40;13.1
7-12-2025 5:00;12.9
7-12-2025 5:20;12.6
7-12-2025 5:40;12.1
7-12-2025 6:00;11.8
7-12-2025 6:20;11.7
7-12-2025 6:40;11.9
7-12-2025 7:00;11.9
7-12-2025 7:20;11.6
7-12-2025 7:40;11.6
7-12-2025 8:00;11.4
7-12-2025 8:20;11.4
7-12-2025 8:40;11.4
7-12-2025 9:00;11
7-12-2025 9:20;10.7
7-12-2025 9:40;11.3
7-12-2025 10:00;12.5
7-12-2025 10:20;13.1
7-12-2025 10:40;13.1
7-12-2025 11:00;12.7
7-12-2025 11:20;16.3
7-12-2025 11:40;9.51
7-12-2025 12:00;9.29
7-12-2025 12:20;8.46
7-12-2025 12:40;8.48
7-12-2025 13:00;8.69
7-12-2025 13:20;8.7
7-12-2025 13:40;8.45
7-12-2025 14:00;8.97
7-12-2025 14:20;8.5
7-12-2025 14:40;7.8
7-12-2025 15:00;7.62
7-12-2025 15:20;7.77
7-12-2025 15:40;7.95
7-12-2025 16:00;13
7-12-2025 16:20;12.6
7-12-2025 16:40;12.8
7-12-2025 17:00;12.4
7-12-2025 17:20;11.8
7-12-2025 17:40;11.1
7-12-2025 18:00;10.4
7-12-2025 18:20;10.1
7-12-2025 18:40;9.8
7-12-2025 19:00;9.79
7-12-2025 19:20;9.3
7-12-2025 19:40;9.15
7-12-2025 20:00;9
7-12-2025 20:20;8.89
7-12-2025 20:40;8.7
7-12-2025 21:00;8.61
7-12-2025 21:20;8.36
7-12-2025 21:40;10.6
7-12-2025 22:00;12
7-12-2025 22:20;11.9
7-12-2025 22:40;11.2
7-12-2025 23:00;9.94
7-12-2025 23:20;9.64
7-12-2025 23:40;9.83
8-12-2025 0:00;8.99
8-12-2025 0:20;8.7
8-12-2025 0:40;8.71
8-12-2025 1:00;8.79
8-12-2025 1:20;8.71
8-12-2025 1:40;8.99
8-12-2025 2:00;8.53
8-12-2025 2:20;8.06
8-12-2025 2:40;7.59
8-12-2025 3:00;7.5
8-12-2025 3:20;7.4
8-12-2025 3:40;10.6
8-12-2025 4:00;11.3
8-12-2025 4:20;10.8
8-12-2025 4:40;10.2
8-12-2025 5:00;9.84
8-12-2025 5:20;9.43
8-12-2025 5:40;9.22
8-12-2025 6:00;9
8-12-2025 6:20;9
8-12-2025 6:40;8.97
8-12-2025 7:00;8.7
8-12-2025 7:20;8.7
8-12-2025 7:40;8.7
8-12-2025 8:00;8.65
8-12-2025 8:20;8.24
8-12-2025 8:40;8.09
8-12-2025 9:00;7.9
8-12-2025 9:20;8.95
8-12-2025 9:40;12
8-12-2025 10:00;10.2
8-12-2025 10:20;9.99
8-12-2025 10:40;9.44
8-12-2025 11:00;8.92
8-12-2025 11:20;8.7
8-12-2025 11:40;8.7
8-12-2025 12:00;8.69
8-12-2025 12:20;8.7
8-12-2025 12:40;9.75
8-12-2025 13:00;8.98
8-12-2025 13:20;8.7
8-12-2025 13:40;8.66
8-12-2025 14:00;8.62
8-12-2025 14:20;8.18
8-12-2025 14:40;8.07
8-12-2025 15:00;8.34
8-12-2025 15:20;9.29
8-12-2025 15:40;10.7
8-12-2025 16:00;10.7
8-12-2025 16:20;10.5
8-12-2025 16:40;9.89
8-12-2025 17:00;9.39
8-12-2025 17:20;9.04
8-12-2025 17:40;9
8-12-2025 18:00;9
8-12-2025 18:20;8.78
8-12-2025 18:40;8.7
8-12-2025 19:00;8.7
8-12-2025 19:20;8.61
8-12-2025 19:40;8.47
8-12-2025 20:00;8.4
8-12-2025 20:20;8.34
8-12-2025 20:40;7.8
8-12-2025 21:00;8.93
8-12-2025 21:20;12.5
8-12-2025 21:40;13
8-12-2025 22:00;12.5
8-12-2025 22:20;11.3
8-12-2025 22:40;10.4
8-12-2025 23:00;10.1
8-12-2025 23:20;9.83
8-12-2025 23:40;9.47
9-12-2025 0:00;9.07
9-12-2025 0:20;9
9-12-2025 0:40;9
9-12-2025 1:00;9
9-12-2025 1:20;8.82
9-12-2025 1:40;8.66
9-12-2025 2:00;8.4
9-12-2025 2:20;8.4
9-12-2025 2:40;8.42
9-12-2025 3:00;8.49
9-12-2025 3:20;11.4
9-12-2025 3:40;11
9-12-2025 4:00;10.4
9-12-2025 4:20;10.2
9-12-2025 4:40;9.84
9-12-2025 5:00;9.35
9-12-2025 5:20;9.18
9-12-2025 5:40;9.27
9-12-2025 6:00;9.3
9-12-2025 6:20;9.3
9-12-2025 6:40;9.3
9-12-2025 7:00;9.3
9-12-2025 7:20;9.26
9-12-2025 7:40;9
9-12-2025 8:00;8.69
9-12-2025 8:20;8.41
9-12-2025 8:40;8.69
9-12-2025 9:00;10.4
9-12-2025 9:20;9.89
9-12-2025 9:40;9.32
9-12-2025 10:00;9.3
9-12-2025 10:20;9.24
9-12-2025 10:40;9.25
9-12-2025 11:00;9.3
9-12-2025 11:20;9.3
9-12-2025 11:40;9.3
9-12-2025 12:00;9.31
9-12-2025 12:20;9.8
9-12-2025 12:40;9.76
9-12-2025 13:00;9.65
9-12-2025 13:20;9.68
9-12-2025 13:40;9.12
9-12-2025 14:00;9.14
9-12-2025 14:20;9.15
9-12-2025 14:40;8.76
9-12-2025 15:00;11.3
9-12-2025 15:20;10.7
9-12-2025 15:40;10.2
9-12-2025 16:00;9.79
9-12-2025 16:20;9.29
9-12-2025 16:40;9.19
9-12-2025 17:00;9
9-12-2025 17:20;9
9-12-2025 17:40;8.83
9-12-2025 18:00;8.7
9-12-2025 18:20;8.87
9-12-2025 18:40;9
9-12-2025 19:00;9
9-12-2025 19:20;8.98
9-12-2025 19:40;8.7
9-12-2025 20:00;8.6
9-12-2025 20:20;8.55
9-12-2025 20:40;12.1
9-12-2025 21:00;14.1
9-12-2025 21:20;13.3
9-12-2025 21:40;12.6
9-12-2025 22:00;11.7
9-12-2025 22:20;10.9
9-12-2025 22:40;10.4
9-12-2025 23:00;10.4
9-12-2025 23:20;10.4
9-12-2025 23:40;10.4
10-12-2025 0:00;10.1
10-12-2025 0:20;9.65
10-12-2025 0:40;9.3
10-12-2025 1:00;9.03
10-12-2025 1:20;9.01
10-12-2025 1:40;8.9
10-12-2025 2:00;8.7
10-12-2025 2:20;8.34
10-12-2025 2:40;10.4
10-12-2025 3:00;11.6
10-12-2025 3:20;11.2
10-12-2025 3:40;10.5
10-12-2025 4:00;10.2
10-12-2025 4:20;9.87
10-12-2025 4:40;9.65
10-12-2025 5:00;9.3
10-12-2025 5:20;9.18
10-12-2025 5:40;9.04
10-12-2025 6:00;9.07
10-12-2025 6:20;9.01
10-12-2025 6:40;9
10-12-2025 7:00;9
10-12-2025 7:20;8.99
10-12-2025 7:40;8.7
10-12-2025 8:00;8.7
10-12-2025 8:20;9.56
10-12-2025 8:40;11.4
10-12-2025 9:00;11.1
10-12-2025 9:20;10.4
10-12-2025 9:40;9.98
10-12-2025 10:00;9.8
10-12-2025 10:20;9.61
10-12-2025 10:40;9.3
10-12-2025 11:00;9.3
10-12-2025 11:20;9.3
10-12-2025 11:40;9.3
10-12-2025 12:00;9.3
10-12-2025 12:20;9.3
10-12-2025 12:40;9.3
10-12-2025 13:00;9.3
10-12-2025 13:20;9.44
10-12-2025 13:40;9.69
10-12-2025 14:00;9.68
10-12-2025 14:20;9.62
10-12-2025 14:40;11.6
10-12-2025 15:00;11.4
10-12-2025 15:20;10.9
10-12-2025 15:40;10.3
10-12-2025 16:00;10
10-12-2025 16:20;9.8
10-12-2025 16:40;9.39
10-12-2025 17:00;9.3
10-12-2025 17:20;9.03
10-12-2025 17:40;9
10-12-2025 18:00;9
10-12-2025 18:20;9
10-12-2025 18:40;8.92
10-12-2025 19:00;8.7
10-12-2025 19:20;8.7
10-12-2025 19:40;8.7
10-12-2025 20:00;8.17
10-12-2025 20:20;11.6
10-12-2025 20:40;11.9
10-12-2025 21:00;11.5
10-12-2025 21:20;10.6
10-12-2025 21:40;10.4
10-12-2025 22:00;10
10-12-2025 22:20;9.8
10-12-2025 22:40;9.79
10-12-2025 23:00;9.78
10-12-2025 23:20;9.77
10-12-2025 23:40;9.91
11-12-2025 0:00;9.87
11-12-2025 0:20;9.8
11-12-2025 0:40;9.08
11-12-2025 1:00;8.6
11-12-2025 1:20;8.4
11-12-2025 1:40;8.4
11-12-2025 2:00;7.56
11-12-2025 2:20;12
11-12-2025 2:40;11.7
11-12-2025 3:00;11.1
11-12-2025 3:20;10.6
11-12-2025 3:40;10.2
11-12-2025 4:00;9.88
11-12-2025 4:20;9.78
11-12-2025 4:40;9.77
11-12-2025 5:00;9.67
11-12-2025 5:20;9.3
11-12-2025 5:40;9.3
11-12-2025 6:00;9.3
11-12-2025 6:20;9.3
11-12-2025 6:40;9.02
11-12-2025 7:00;8.86
11-12-2025 7:20;8.87
11-12-2025 7:40;8.92
11-12-2025 8:00;9.63
11-12-2025 8:20;11.2
11-12-2025 8:40;10.6
11-12-2025 9:00;10.2
11-12-2025 9:20;9.85
11-12-2025 9:40;9.78
11-12-2025 10:00;9.86
11-12-2025 10:20;9.3
11-12-2025 10:40;9.3
11-12-2025 11:00;9.29
11-12-2025 11:20;9.3
11-12-2025 11:40;9.3
11-12-2025 12:00;9.38
11-12-2025 12:20;9.15
11-12-2025 12:40;8.47
11-12-2025 13:00;8.56
11-12-2025 13:20;8.41
11-12-2025 13:40;8.23
11-12-2025 14:00;9.66
11-12-2025 14:20;11.8
11-12-2025 14:40;11.5
11-12-2025 15:00;10.8
11-12-2025 15:20;10.4
11-12-2025 15:40;10.1
11-12-2025 16:00;9.78
11-12-2025 16:20;9.52
11-12-2025 16:40;9.3
11-12-2025 17:00;9.23
11-12-2025 17:20;9.21
11-12-2025 17:40;9.3
11-12-2025 18:00;9.3
11-12-2025 18:20;9.05
11-12-2025 18:40;9
11-12-2025 19:00;8.85
11-12-2025 19:20;8.7
11-12-2025 19:40;8.15
11-12-2025 20:00;11.8
11-12-2025 20:20;12.2
11-12-2025 20:40;12.1
11-12-2025 21:00;11.7
11-12-2025 21:20;10.8
11-12-2025 21:40;10.3
11-12-2025 22:00;10.1
11-12-2025 22:20;10.1
11-12-2025 22:40;9.88
11-12-2025 23:00;9.8
11-12-2025 23:20;9.73
11-12-2025 23:40;9.33
12-12-2025 0:00;9.27
12-12-2025 0:20;9.1
12-12-2025 0:40;9
12-12-2025 1:00;8.98
12-12-2025 1:20;8.95
12-12-2025 1:40;8.44
12-12-2025 2:00;13.2
12-12-2025 2:20;13.4
12-12-2025 2:40;12.5
12-12-2025 3:00;12
12-12-2025 3:20;11.4
12-12-2025 3:40;10.6
12-12-2025 4:00;10.3
12-12-2025 4:20;10.2
12-12-2025 4:40;10.1
12-12-2025 5:00;9.84
12-12-2025 5:20;9.8
12-12-2025 5:40;9.8
12-12-2025 6:00;9.8
12-12-2025 6:20;9.48
12-12-2025 6:40;9.22
12-12-2025 7:00;9.1
12-12-2025 7:20;9.29
12-12-2025 7:40;10
12-12-2025 8:00;11.6
12-12-2025 8:20;11.6
12-12-2025 8:40;11.4
12-12-2025 9:00;10.8
12-12-2025 9:20;10.3
12-12-2025 9:40;10.1
12-12-2025 10:00;9.85
12-12-2025 10:20;9.73
12-12-2025 10:40;9.3
12-12-2025 11:00;9.3
12-12-2025 11:20;9.21
12-12-2025 11:40;9.02
12-12-2025 12:00;9
12-12-2025 12:20;8.97
12-12-2025 12:40;8.62
12-12-2025 13:00;8.4
12-12-2025 13:20;8.17
12-12-2025 13:40;9.67
12-12-2025 14:00;12.9
12-12-2025 14:20;12.7
12-12-2025 14:40;12
12-12-2025 15:00;11.5
12-12-2025 15:20;10.7
12-12-2025 15:40;10.5
12-12-2025 16:00;10.4
12-12-2025 16:20;10.2
12-12-2025 16:40;9.89
12-12-2025 17:00;9.8
12-12-2025 17:20;9.8
12-12-2025 17:40;9.8
12-12-2025 18:00;9.33
12-12-2025 18:20;9.04
12-12-2025 18:40;9
12-12-2025 19:00;9
12-12-2025 19:20;8.45
12-12-2025 19:40;12.6
12-12-2025 20:00;12.2
12-12-2025 20:20;11.9
12-12-2025 20:40;11.5
12-12-2025 21:00;10.7
12-12-2025 21:20;10.4
12-12-2025 21:40;10.3
12-12-2025 22:00;10.2
12-12-2025 22:20;10.3
12-12-2025 22:40;9.84
12-12-2025 23:00;9.2
12-12-2025 23:20;9
12-12-2025 23:40;8.89
13-12-2025 0:00;8.7
13-12-2025 0:20;8.7
13-12-2025 0:40;8.4
13-12-2025 1:00;8.4
13-12-2025 1:20;7.66
13-12-2025 1:40;13.1
13-12-2025 2:00;13.3
13-12-2025 2:20;12.8
13-12-2025 2:40;12
13-12-2025 3:00;11.5
13-12-2025 3:20;10.9
13-12-2025 3:40;10.5
13-12-2025 4:00;10.3
13-12-2025 4:20;10
13-12-2025 4:40;9.82
13-12-2025 5:00;9.8
13-12-2025 5:20;9.48
13-12-2025 5:40;9.22
13-12-2025 6:00;9
13-12-2025 6:20;9
13-12-2025 6:40;8.81
13-12-2025 7:00;8.69
13-12-2025 7:20;9.8
13-12-2025 7:40;11.3
13-12-2025 8:00;11.3
13-12-2025 8:20;11.2
13-12-2025 8:40;10.7
13-12-2025 9:00;10.2
13-12-2025 9:20;9.86
13-12-2025 9:40;9.65
13-12-2025 10:00;9.3
13-12-2025 10:20;9.18
13-12-2025 10:40;9
13-12-2025 11:00;9
13-12-2025 11:20;9
13-12-2025 11:40;8.76
13-12-2025 12:00;8.82
13-12-2025 12:20;8.66
13-12-2025 12:40;8.65
13-12-2025 13:00;8.31
13-12-2025 13:20;9.99
13-12-2025 13:40;12
13-12-2025 14:00;11.5
13-12-2025 14:20;10.6
13-12-2025 14:40;10.3
13-12-2025 15:00;9.97
13-12-2025 15:20;9.61
13-12-2025 15:40;9.33
13-12-2025 16:00;9.03
13-12-2025 16:20;9
13-12-2025 16:40;8.99
13-12-2025 17:00;8.99
13-12-2025 17:20;8.74
13-12-2025 17:40;8.6
13-12-2025 18:00;8.63
13-12-2025 18:20;8.69
13-12-2025 18:40;8.61
13-12-2025 19:00;8.24
13-12-2025 19:20;10.3
13-12-2025 19:40;11.9
13-12-2025 20:00;11.6
13-12-2025 20:20;11.5
13-12-2025 20:40;10.6
13-12-2025 21:00;10.2
13-12-2025 21:20;10.1
13-12-2025 21:40;9.86
13-12-2025 22:00;8.86
13-12-2025 22:20;8.68
13-12-2025 22:40;8.4
13-12-2025 23:00;8.4
13-12-2025 23:20;8.3
13-12-2025 23:40;7.8
14-12-2025 0:00;7.8
14-12-2025 0:20;8
14-12-2025 0:40;8.4
14-12-2025 1:00;7.94
14-12-2025 1:20;10
14-12-2025 1:40;11.9
14-12-2025 2:00;11.4
14-12-2025 2:20;10.6
14-12-2025 2:40;10.2
14-12-2025 3:00;9.83
14-12-2025 3:20;9.15
14-12-2025 3:40;8.88
14-12-2025 4:00;8.66
14-12-2025 4:20;8.55
14-12-2025 4:40;8.4
14-12-2025 5:00;8.4
14-12-2025 5:20;8.03
14-12-2025 5:40;7.8
14-12-2025 6:00;7.8
14-12-2025 6:20;7.8
14-12-2025 6:40;8.39
14-12-2025 7:00;7.9
14-12-2025 7:20;10.7
14-12-2025 7:40;10.7
14-12-2025 8:00;10.7
14-12-2025 8:20;10.2
14-12-2025 8:40;9.93
14-12-2025 9:00;9.8
14-12-2025 9:20;9.79
14-12-2025 9:40;9.33
14-12-2025 10:00;8.73
14-12-2025 10:20;8.39
14-12-2025 10:40;8.05
14-12-2025 11:00;7.8
14-12-2025 11:20;7.8
14-12-2025 11:40;7.71
14-12-2025 12:00;7.5
14-12-2025 12:20;7.72
14-12-2025 12:40;7.8
14-12-2025 13:00;7.27
14-12-2025 13:20;11.7
14-12-2025 13:40;11.1
14-12-2025 14:00;10.8
14-12-2025 14:20;10.3
14-12-2025 14:40;9.86
14-12-2025 15:00;9.27
14-12-2025 15:20;8.96
14-12-2025 15:40;8.73
14-12-2025 16:00;8.7
14-12-2025 16:20;8.41
14-12-2025 16:40;8.4
14-12-2025 17:00;8.01
14-12-2025 17:20;7.8
14-12-2025 17:40;7.8
14-12-2025 18:00;7.8
14-12-2025 18:20;7.8
14-12-2025 18:40;7.75
14-12-2025 19:00;9.37
14-12-2025 19:20;11.3
14-12-2025 19:40;11.7
14-12-2025 20:00;11.5
14-12-2025 20:20;10.4
14-12-2025 20:40;9.8
14-12-2025 21:00;9.18
14-12-2025 21:20;9.02
14-12-2025 21:40;9.41
14-12-2025 22:00;8.83
14-12-2025 22:20;8.4
14-12-2025 22:40;7.97
14-12-2025 23:00;7.68
14-12-2025 23:20;7.5
14-12-2025 23:40;7.5
15-12-2025 0:00;7.32
15-12-2025 0:20;7.5
15-12-2025 0:40;7.3
15-12-2025 1:00;10.1
15-12-2025 1:20;11.6
15-12-2025 1:40;11.2
15-12-2025 2:00;10.5
15-12-2025 2:20;10.3
15-12-2025 2:40;9.92
15-12-2025 3:00;9.48
15-12-2025 3:20;9.3
15-12-2025 3:40;9.29
15-12-2025 4:00;9
15-12-2025 4:20;8.75
15-12-2025 4:40;8.65
15-12-2025 5:00;8.39
15-12-2025 5:20;7.7
15-12-2025 5:40;7.51
15-12-2025 6:00;7.5
15-12-2025 6:20;7.5
15-12-2025 6:40;8.51
15-12-2025 7:00;10.4
15-12-2025 7:20;10.7
15-12-2025 7:40;10.5
15-12-2025 8:00;9.91
15-12-2025 8:20;9.63
15-12-2025 8:40;9.09
15-12-2025 9:00;8.94
15-12-2025 9:20;8.7
15-12-2025 9:40;8.47
15-12-2025 10:00;8.63
15-12-2025 10:20;8.7
15-12-2025 10:40;8.3
15-12-2025 11:00;7.27
15-12-2025 11:20;7.2
15-12-2025 11:40;7.2
15-12-2025 12:00;7.31
15-12-2025 12:20;7.24
15-12-2025 12:40;8.76
15-12-2025 13:00;11.6
15-12-2025 13:20;11.5
15-12-2025 13:40;10.7
15-12-2025 14:00;10.3
15-12-2025 14:20;9.85
15-12-2025 14:40;9.8
15-12-2025 15:00;9.64
15-12-2025 15:20;9.3
15-12-2025 15:40;9.25
15-12-2025 16:00;9
15-12-2025 16:20;8.84
15-12-2025 16:40;8.45
15-12-2025 17:00;8.4
15-12-2025 17:20;8.4
15-12-2025 17:40;7.66
15-12-2025 18:00;7.5
15-12-2025 18:20;7.97
15-12-2025 18:40;11.2
15-12-2025 19:00;11
15-12-2025 19:20;10.4
15-12-2025 19:40;10.1
15-12-2025 20:00;9.86
15-12-2025 20:20;9.62
15-12-2025 20:40;9.3
15-12-2025 21:00;9.3
15-12-2025 21:20;9.3
15-12-2025 21:40;9.3
15-12-2025 22:00;9.02
15-12-2025 22:20;9
15-12-2025 22:40;9
15-12-2025 23:00;9
15-12-2025 23:20;8.94
15-12-2025 23:40;8.81
16-12-2025 0:00;7.98
16-12-2025 0:20;8.04
16-12-2025 0:40;12.4
16-12-2025 1:00;12.2
16-12-2025 1:20;11.6
16-12-2025 1:40;11
16-12-2025 2:00;10.4
16-12-2025 2:20;10
16-12-2025 2:40;9.72
16-12-2025 3:00;9.32
16-12-2025 3:20;9.08
16-12-2025 3:40;9
16-12-2025 4:00;8.97
16-12-2025 4:20;8.7
16-12-2025 4:40;8.68
16-12-2025 5:00;8.41
16-12-2025 5:20;8.04
16-12-2025 5:40;7.8
16-12-2025 6:00;7.73
16-12-2025 6:20;10.7
16-12-2025 6:40;11
16-12-2025 7:00;10.4
16-12-2025 7:20;9.93
16-12-2025 7:40;9.41
16-12-2025 8:00;9.11
16-12-2025 8:20;9.0
16-12-2025 8:40;9
16-12-2025 9:00;9
16-12-2025 9:20;9
16-12-2025 9:40;9
16-12-2025 10:00;9
16-12-2025 10:20;8.79
16-12-2025 10:40;8.16
16-12-2025 11:00;7.64
16-12-2025 11:20;7.5
16-12-2025 11:40;7.37
16-12-2025 12:00;6.85
16-12-2025 12:20;11.7
16-12-2025 12:40;12.0
16-12-2025 13:00;11.2
16-12-2025 13:20;10.4
16-12-2025 13:40;9.87
16-12-2025 14:00;9.58
16-12-2025 14:20;9.3
16-12-2025 14:40;9.05
16-12-2025 15:00;9.0
16-12-2025 15:20;9.0
16-12-2025 15:40;9.0
16-12-2025 16:00;8.89
16-12-2025 16:20;8.64
16-12-2025 16:40;8.7
16-12-2025 17:00;8.62
16-12-2025 17:20;8.4
16-12-2025 17:40;8.4
16-12-2025 18:00;9.09
16-12-2025 18:20;10.4
16-12-2025 18:40;10.4
16-12-2025 19:00;10.4
16-12-2025 19:20;9.97
16-12-2025 19:40;9.52
16-12-2025 20:00;9.09
16-12-2025 20:20;9.0
16-12-2025 20:40;9.0
16-12-2025 21:00;9.0
16-12-2025 21:20;9.0
16-12-2025 21:40;8.72
16-12-2025 22:00;8.51
16-12-2025 22:20;8.7
16-12-2025 22:40;8.78
16-12-2025 23:00;8.7
16-12-2025 23:20;8.7
16-12-2025 23:40;8.58
17-12-2025 0:00;9.02
17-12-2025 0:20;10.7
17-12-2025 0:40;10.8
17-12-2025 1:00;10.5
17-12-2025 1:20;9.96
17-12-2025 1:40;9.24
17-12-2025 2:00;9.0
17-12-2025 2:20;8.87
17-12-2025 2:40;8.52
17-12-2025 3:00;8.4
17-12-2025 3:20;8.4
17-12-2025 3:40;8.4
17-12-2025 4:00;7.89
17-12-2025 4:20;8.05
17-12-2025 4:40;7.8
17-12-2025 5:00;7.98
17-12-2025 5:20;7.5
17-12-2025 5:40;7.92
17-12-2025 6:00;9.68
17-12-2025 6:20;9.8
17-12-2025 6:40;9.8
17-12-2025 7:00;9.61
17-12-2025 7:20;9.2
17-12-2025 7:40;9.0
17-12-2025 8:00;8.98
17-12-2025 8:20;8.96
17-12-2025 8:40;8.74
17-12-2025 9:00;8.44
17-12-2025 9:20;8.4
17-12-2025 9:40;7.82
17-12-2025 10:00;7.8
17-12-2025 10:20;7.6
17-12-2025 10:40;7.5
17-12-2025 11:00;7.5
17-12-2025 11:20;7.5
17-12-2025 11:40;7.93
17-12-2025 12:00;11.6
17-12-2025 12:20;11.6
17-12-2025 12:40;11.4
17-12-2025 13:00;10.6
17-12-2025 13:20;10.1
17-12-2025 13:40;10.1
17-12-2025 14:00;9.81
17-12-2025 14:20;9.77
17-12-2025 14:40;9.46
17-12-2025 15:00;9.02
17-12-2025 15:20;9.0
17-12-2025 15:40;8.81
17-12-2025 16:00;8.7
17-12-2025 16:20;8.76
17-12-2025 16:40;8.7
17-12-2025 17:00;8.48
17-12-2025 17:20;8.3
17-12-2025 17:40;10.2
17-12-2025 18:00;10.1
17-12-2025 18:20;10.5
17-12-2025 18:40;10.3
17-12-2025 19:00;9.8
17-12-2025 19:20;9.64
17-12-2025 19:40;9.3
17-12-2025 20:00;9.3
17-12-2025 20:20;9.32
17-12-2025 20:40;9.33
17-12-2025 21:00;9.45
17-12-2025 21:20;9.74
17-12-2025 21:40;9.69
17-12-2025 22:00;9.04
17-12-2025 22:20;8.52
17-12-2025 22:40;8.4
17-12-2025 23:00;8.39
17-12-2025 23:20;7.98
17-12-2025 23:40;10.9
18-12-2025 0:00;11.5
18-12-2025 0:20;11.0
18-12-2025 0:40;10.4
18-12-2025 1:00;9.99
18-12-2025 1:20;9.46
18-12-2025 1:40;9.3
18-12-2025 2:00;9.3
18-12-2025 2:20;9.01
18-12-2025 2:40;9.0
18-12-2025 3:00;9.0
18-12-2025 3:20;8.83
18-12-2025 3:40;8.7
18-12-2025 4:00;8.7
18-12-2025 4:20;8.3
18-12-2025 4:40;7.87
18-12-2025 5:00;8.13
18-12-2025 5:20;9.39
18-12-2025 5:40;10.1
18-12-2025 6:00;10.1
18-12-2025 6:20;9.88
18-12-2025 6:40;9.45
18-12-2025 7:00;9.27
18-12-2025 7:20;8.99
18-12-2025 7:40;8.79
18-12-2025 8:00;8.7
18-12-2025 8:20;8.7
18-12-2025 8:40;8.7
18-12-2025 9:00;8.51
18-12-2025 9:20;8.4
18-12-2025 9:40;8.4
18-12-2025 10:00;8.39
18-12-2025 10:20;8.35
18-12-2025 10:40;7.85
18-12-2025 11:00;7.66
18-12-2025 11:20;10.4
18-12-2025 11:40;11.5
18-12-2025 12:00;11.1
18-12-2025 12:20;10.3
18-12-2025 12:40;10.1
18-12-2025 13:00;10.1
18-12-2025 13:20;9.95
18-12-2025 13:40;9.72
18-12-2025 14:00;9.54
18-12-2025 14:20;9.15
18-12-2025 14:40;8.92
18-12-2025 15:00;8.81
18-12-2025 15:20;8.8
18-12-2025 15:40;8.71
18-12-2025 16:00;8.62
18-12-2025 16:20;8.21
18-12-2025 16:40;8.11
18-12-2025 17:00;10.6
18-12-2025 17:20;14.0
18-12-2025 17:40;12.6
18-12-2025 18:00;11.6
18-12-2025 18:20;10.9
18-12-2025 18:40;10.4
18-12-2025 19:00;10.1
18-12-2025 19:20;9.98
18-12-2025 19:40;9.75
18-12-2025 20:00;9.3
18-12-2025 20:20;9.3
18-12-2025 20:40;9.3
18-12-2025 21:00;9.04
18-12-2025 21:20;9.0
18-12-2025 21:40;9.0
18-12-2025 22:00;9.0
18-12-2025 22:20;9.0
18-12-2025 22:40;9.12
18-12-2025 23:00;10.3
18-12-2025 23:20;12.3
18-12-2025 23:40;12.0
19-12-2025 0:00;11.8
19-12-2025 0:20;11.6
19-12-2025 0:40;11.1
19-12-2025 1:00;10.5
19-12-2025 1:20;10.2
19-12-2025 1:40;9.86
19-12-2025 2:00;9.62
19-12-2025 2:20;9.57
19-12-2025 2:40;9.3
19-12-2025 3:00;9.04
19-12-2025 3:20;9.0
19-12-2025 3:40;8.92
19-12-2025 4:00;8.48
19-12-2025 4:20;8.4
19-12-2025 4:40;8.93
19-12-2025 5:00;12.0
19-12-2025 5:20;11.7
19-12-2025 5:40;11.1
19-12-2025 6:00;10.3
19-12-2025 6:20;10.2
19-12-2025 6:40;9.52
19-12-2025 7:00;9.3
19-12-2025 7:20;9.3
19-12-2025 7:40;9.29
19-12-2025 8:00;9.28
19-12-2025 8:20;9.24
19-12-2025 8:40;9.0
19-12-2025 9:00;9.26
19-12-2025 9:20;9.3
19-12-2025 9:40;9.23
19-12-2025 10:00;8.75
19-12-2025 10:20;8.4
19-12-2025 10:40;8.92
19-12-2025 11:00;11.6
19-12-2025 11:20;11.4
19-12-2025 11:40;10.3
19-12-2025 12:00;9.96
19-12-2025 12:20;9.66
19-12-2025 12:40;10.3
19-12-2025 13:00;10.4
19-12-2025 13:20;9.91
19-12-2025 13:40;9.8
19-12-2025 14:00;9.89
19-12-2025 14:20;9.81
19-12-2025 14:40;9.63
19-12-2025 15:00;9.35
19-12-2025 15:20;9.41
19-12-2025 15:40;9.02
19-12-2025 16:00;8.89
19-12-2025 16:20;8.7
19-12-2025 16:40;12.6
19-12-2025 17:00;13.8
19-12-2025 17:20;14.0
19-12-2025 17:40;12.9
19-12-2025 18:00;11.9
19-12-2025 18:20;11.6
19-12-2025 18:40;11.3
19-12-2025 19:00;11.3
19-12-2025 19:20;10.9
19-12-2025 19:40;11.4
19-12-2025 20:00;11.7
19-12-2025 20:20;10.9
19-12-2025 20:40;10.7
19-12-2025 21:00;10.5
19-12-2025 21:20;10.4
19-12-2025 21:40;10.4
19-12-2025 22:00;10.5
19-12-2025 22:20;10.5
19-12-2025 22:40;13.0
19-12-2025 23:00;13.2
19-12-2025 23:20;12.8
19-12-2025 23:40;12.3
20-12-2025 0:00;11.7
20-12-2025 0:20;11.3
20-12-2025 0:40;10.9
20-12-2025 1:00;10.7
20-12-2025 1:20;10.4
20-12-2025 1:40;10.1
20-12-2025 2:00;10.3
20-12-2025 2:20;10.1
20-12-2025 2:40;10.1
20-12-2025 3:00;10.1
20-12-2025 3:20;10.1
20-12-2025 3:40;1.00
20-12-2025 4:00;9.82
20-12-2025 4:20;12.9
20-12-2025 4:40;14.6
20-12-2025 5:00;14.0
20-12-2025 5:20;13.2
20-12-2025 5:40;12.7
20-12-2025 6:00;12.3
20-12-2025 6:20;12.2
20-12-2025 6:40;12.1
20-12-2025 7:00;11.4
20-12-2025 7:20;11.1
20-12-2025 7:40;10.7
20-12-2025 8:00;10.7
20-12-2025 8:20;11.1
20-12-2025 8:40;10.5
20-12-2025 9:00;10.6
20-12-2025 9:20;11.0
20-12-2025 9:40;11.3
20-12-2025 10:00;11.7
20-12-2025 10:20;13.7
20-12-2025 10:40;12.4
20-12-2025 11:00;11.7
20-12-2025 11:20;10.9
20-12-2025 11:40;10.5
20-12-2025 12:00;10.4
20-12-2025 12:20;10.2
20-12-2025 12:40;9.87
20-12-2025 13:00;9.87
20-12-2025 13:20;9.92
20-12-2025 13:40;9.9
20-12-2025 14:00;9.3
20-12-2025 14:20;9.34
20-12-2025 14:40;9.7
20-12-2025 15:00;9.21
20-12-2025 15:20;8.97
20-12-2025 15:40;8.97
20-12-2025 16:00;10.5
20-12-2025 16:20;11.7
20-12-2025 16:40;12.2
20-12-2025 17:00;11.6
20-12-2025 17:20;11.2
20-12-2025 17:40;10.5
20-12-2025 18:00;10.1
20-12-2025 18:20;10.3
20-12-2025 18:40;10.3
20-12-2025 19:00;10.5
20-12-2025 19:20;10.7
20-12-2025 19:40;10.7
20-12-2025 20:00;11.0
20-12-2025 20:20;11.4
20-12-2025 20:40;12.0
20-12-2025 21:00;12.0
20-12-2025 21:20;11.9
20-12-2025 21:40;12.3
20-12-2025 22:00;14.6
20-12-2025 22:20;12.8
20-12-2025 22:40;12.7
20-12-2025 23:00;12.7
20-12-2025 23:20;12.4
20-12-2025 23:40;12.0
21-12-2025 0:00;11.5
21-12-2025 0:20;11.8
21-12-2025 0:40;11.9
21-12-2025 1:00;11.4
21-12-2025 1:20;11.1
21-12-2025 1:40;10.5
21-12-2025 2:00;11.6
21-12-2025 2:20;11.7
21-12-2025 2:40;12.2
21-12-2025 3:00;12.4
21-12-2025 3:20;12.3
21-12-2025 3:40;13.8
21-12-2025 4:00;12.5
21-12-2025 4:20;13
21-12-2025 4:40;13.4
21-12-2025 5:00;11.8
21-12-2025 5:20;11.8
21-12-2025 5:40;11.6
21-12-2025 6:00;11.6
21-12-2025 6:20;11.3
21-12-2025 6:40;10.7
21-12-2025 7:00;11.2
21-12-2025 7:20;11.6
21-12-2025 7:40;11.3
21-12-2025 8:00;12.2
21-12-2025 8:20;11.3
21-12-2025 8:40;13.9
21-12-2025 9:00;13.8
21-12-2025 9:20;13.9
21-12-2025 9:40;16.2
21-12-2025 10:00;15.7
21-12-2025 10:20;13.3
21-12-2025 10:40;13.8
21-12-2025 11:00;13.9
21-12-2025 11:20;13.5
21-12-2025 11:40;13.0
21-12-2025 12:00;13.3
21-12-2025 12:20;14.1
21-12-2025 12:40;12.8
21-12-2025 13:00;12.3
21-12-2025 13:20;12.8
21-12-2025 13:40;12.5
21-12-2025 14:00;15.4
21-12-2025 14:20;12.3
21-12-2025 14:40;14.0
21-12-2025 15:00;15.9
21-12-2025 15:20;16.3
21-12-2025 15:40;19.0
21-12-2025 16:00;14.9
21-12-2025 16:20;15.2
21-12-2025 16:40;16.6
21-12-2025 17:00;13.9
21-12-2025 17:20;13.3
21-12-2025 17:40;13.3
21-12-2025 18:00;13.5
21-12-2025 18:20;14.1
21-12-2025 18:40;14.9
21-12-2025 19:00;14.0
21-12-2025 19:20;14.2
21-12-2025 19:40;18.3
21-12-2025 20:00;18.4
21-12-2025 20:20;15.2
21-12-2025 20:40;17.7
21-12-2025 21:00;18.1
21-12-2025 21:20;18.2
21-12-2025 21:40;22.6
21-12-2025 22:00;21.6
21-12-2025 22:20;20.9
21-12-2025 22:40;16.9
21-12-2025 23:00;16.6
21-12-2025 23:20;15.5
21-12-2025 23:40;17.4
22-12-2025 0:00;15.0
22-12-2025 0:20;15.4
22-12-2025 0:40;15.8
22-12-2025 1:00;16.2
22-12-2025 1:20;14.8
22-12-2025 1:40;18.9
22-12-2025 2:00;17.9
22-12-2025 2:20;17.0
22-12-2025 2:40;20.2
22-12-2025 3:00;22.1
22-12-2025 3:20;22.8
22-12-2025 3:40;25.2
22-12-2025 4:00;17.3
22-12-2025 4:20;16.4
22-12-2025 4:40;16.5
22-12-2025 5:00;16.0
22-12-2025 5:20;15.1
22-12-2025 5:40;15.7
22-12-2025 6:00;15.9
22-12-2025 6:20;17.8
22-12-2025 6:40;17.0
22-12-2025 7:00;16.1
22-12-2025 7:20;17.8
22-12-2025 7:40;22.1
22-12-2025 8:00;19.0
22-12-2025 8:20;20.3
22-12-2025 8:40;22.5
22-12-2025 9:00;22.9
22-12-2025 9:20;23.3
22-12-2025 9:40;18.3
22-12-2025 10:00;8.22
22-12-2025 10:20;7.64
22-12-2025 10:40;7.74
22-12-2025 11:00;7.5
22-12-2025 11:20;7.21
22-12-2025 11:40;6.97
22-12-2025 12:00;6.89
22-12-2025 12:20;6.65
22-12-2025 12:40;6.4
22-12-2025 13:00;6.36
22-12-2025 13:20;6.38
22-12-2025 13:40;6.0
22-12-2025 14:00;6.1
22-12-2025 14:20;6.06
22-12-2025 14:40;6.0
22-12-2025 15:00;5.97
22-12-2025 15:20;5.83
22-12-2025 15:40;6.88
22-12-2025 16:00;6.4
22-12-2025 16:20;6.4
22-12-2025 16:40;6.56
22-12-2025 17:00;6.47
22-12-2025 17:20;6.28
22-12-2025 17:40;6.37
22-12-2025 18:00;6.4
22-12-2025 18:20;6.17
22-12-2025 18:40;6.1
22-12-2025 19:00;6.11
22-12-2025 19:20;6.05
22-12-2025 19:40;5.81
22-12-2025 20:00;5.8
22-12-2025 20:20;5.7
22-12-2025 20:40;5.68
22-12-2025 21:00;5.7
22-12-2025 21:20;5.31
22-12-2025 21:40;8.15
22-12-2025 22:00;7.8
22-12-2025 22:20;7.8
22-12-2025 22:40;7.46
22-12-2025 23:00;7.2
22-12-2025 23:20;7.13
22-12-2025 23:40;6.69
23-12-2025 0:00;6.4
23-12-2025 0:20;6.36
23-12-2025 0:40;6.1
23-12-2025 1:00;5.94
23-12-2025 1:20;5.8
23-12-2025 1:40;5.77
23-12-2025 2:00;5.8
23-12-2025 2:20;5.32
23-12-2025 2:40;5.04
23-12-2025 3:00;5.77
23-12-2025 3:20;4.88
23-12-2025 3:40;6.46
23-12-2025 4:00;6.11
23-12-2025 4:20;6.03
23-12-2025 4:40;6.14
23-12-2025 5:00;5.98
23-12-2025 5:20;6.42
23-12-2025 5:40;5.72
23-12-2025 6:00;5.5
23-12-2025 6:20;5.04
23-12-2025 6:40;4.9
23-12-2025 7:00;4.9
23-12-2025 7:20;4.84
23-12-2025 7:40;4.61
23-12-2025 8:00;4.88
23-12-2025 8:20;4.51
23-12-2025 8:40;4.3
23-12-2025 9:00;4.24
23-12-2025 9:20;5.07
23-12-2025 9:40;4.37
23-12-2025 10:00;8.99
23-12-2025 10:20;7.62
23-12-2025 10:40;7.09
23-12-2025 11:00;6.41
23-12-2025 11:20;6.25
23-12-2025 11:40;6.11
23-12-2025 12:00;6.1
23-12-2025 12:20;5.86
23-12-2025 12:40;5.95
23-12-2025 13:00;5.91
23-12-2025 13:20;5.8
23-12-2025 13:40;5.58
23-12-2025 14:00;5.8
23-12-2025 14:20;5.79
23-12-2025 14:40;5.5
23-12-2025 15:00;5.64
23-12-2025 15:20;6.83
23-12-2025 15:40;7.51
23-12-2025 16:00;7.18
23-12-2025 16:20;6.66
23-12-2025 16:40;6.25
23-12-2025 17:00;6.1
23-12-2025 17:20;6.1
23-12-2025 17:40;6.1
23-12-2025 18:00;6.1
23-12-2025 18:20;6.1
23-12-2025 18:40;6.1
23-12-2025 19:00;6.02
23-12-2025 19:20;5.8
23-12-2025 19:40;5.82
23-12-2025 20:00;5.84
23-12-2025 20:20;5.8
23-12-2025 20:40;5.8
23-12-2025 21:00;5.81
23-12-2025 21:20;7.49
23-12-2025 21:40;8.8
23-12-2025 22:00;9.78
23-12-2025 22:20;9.52
23-12-2025 22:40;8.46
23-12-2025 23:00;7.65
23-12-2025 23:20;7.26
23-12-2025 23:40;7.12
24-12-2025 0:00;6.9
24-12-2025 0:20;6.9
24-12-2025 0:40;6.42
24-12-2025 1:00;6.27
24-12-2025 1:20;6.08
24-12-2025 1:40;6.08
24-12-2025 2:00;6.01
24-12-2025 2:20;5.8
24-12-2025 2:40;5.79
24-12-2025 3:00;5.34
24-12-2025 3:20;7.3
24-12-2025 3:40;7.18
24-12-2025 4:00;6.28
24-12-2025 4:20;5.83
24-12-2025 4:40;5.74
24-12-2025 5:00;5.72
24-12-2025 5:20;5.7
24-12-2025 5:40;4.9
24-12-2025 6:00;4.89
24-12-2025 6:20;4.69
24-12-2025 6:40;4.6
24-12-2025 7:00;4.6
24-12-2025 7:20;4.6
24-12-2025 7:40;4.6
24-12-2025 8:00;4.44
24-12-2025 8:20;4.29
24-12-2025 8:40;4.97
24-12-2025 9:00;5.58
24-12-2025 9:20;5.26
24-12-2025 9:40;10.2
24-12-2025 10:00;8.78
24-12-2025 10:20;7.54
24-12-2025 10:40;7.18
24-12-2025 11:00;6.19
24-12-2025 11:20;6.03
24-12-2025 11:40;5.8
24-12-2025 12:00;6.06
24-12-2025 12:20;4.17
24-12-2025 12:40;5.79
24-12-2025 13:00;6.25
24-12-2025 13:20;5.97
24-12-2025 13:40;5.62
24-12-2025 14:00;5.34
24-12-2025 14:20;4.9
24-12-2025 14:40;4.74
24-12-2025 15:00;4.52
24-12-2025 15:20;6.21
24-12-2025 15:40;6.84
24-12-2025 16:00;6.24
24-12-2025 16:20;5.98
24-12-2025 16:40;5.72
24-12-2025 17:00;5.5
24-12-2025 17:20;5.16
24-12-2025 17:40;4.74
24-12-2025 18:00;4.56
24-12-2025 18:20;4.56
24-12-2025 18:40;4.42
24-12-2025 19:00;4.33
24-12-2025 19:20;3.94
24-12-2025 19:40;4.12
24-12-2025 20:00;4.3
24-12-2025 20:20;4.09
24-12-2025 20:40;3.67
24-12-2025 21:00;3.59
24-12-2025 21:20;3.53
24-12-2025 21:40;3.49
24-12-2025 22:00;14.9
24-12-2025 22:20;13.8
24-12-2025 22:40;9.52
24-12-2025 23:00;7.7
24-12-2025 23:20;6.98
24-12-2025 23:40;6.33
25-12-2025 0:00;6.34
25-12-2025 0:20;6.34
25-12-2025 0:40;6.07
25-12-2025 1:00;5.8
25-12-2025 1:20;5.58
25-12-2025 1:40;5.5
25-12-2025 2:00;5.51
25-12-2025 2:20;5.5
25-12-2025 2:40;5.13
25-12-2025 3:00;4.79
25-12-2025 3:20;6.59
25-12-2025 3:40;7.46
25-12-2025 4:00;6.8
25-12-2025 4:20;6.12
25-12-2025 4:40;5.84
25-12-2025 5:00;5.56
25-12-2025 5:20;5.39
25-12-2025 5:40;4.9
25-12-2025 6:00;4.72
25-12-2025 6:20;4.6
25-12-2025 6:40;4.61
25-12-2025 7:00;4.52
25-12-2025 7:20;4.54
25-12-2025 7:40;4.44
25-12-2025 8:00;4.32
25-12-2025 8:20;4.46
25-12-2025 8:40;4.3
25-12-2025 9:00;4.49
25-12-2025 9:20;4.31
25-12-2025 9:40;8.68
25-12-2025 10:00;8.34
25-12-2025 10:20;7.33
25-12-2025 10:40;7.24
25-12-2025 11:00;6.44
25-12-2025 11:20;5.84
25-12-2025 11:40;5.55
25-12-2025 12:00;5.2
25-12-2025 12:20;4.9
25-12-2025 12:40;4.9
25-12-2025 13:00;4.89
25-12-2025 13:20;4.78
25-12-2025 13:40;4.6
25-12-2025 14:00;4.6
25-12-2025 14:20;4.78
25-12-2025 14:40;4.88
25-12-2025 15:00;4.63
25-12-2025 15:20;5.73
25-12-2025 15:40;6.4
25-12-2025 16:00;5.93
25-12-2025 16:20;5.53
25-12-2025 16:40;4.93
25-12-2025 17:00;4.9
25-12-2025 17:20;4.84
25-12-2025 17:40;4.67
25-12-2025 18:00;4.63
25-12-2025 18:20;4.6
25-12-2025 18:40;4.53
25-12-2025 19:00;4.38
25-12-2025 19:20;4.6
25-12-2025 19:40;4.57
25-12-2025 20:00;4.49
25-12-2025 20:20;4.6
25-12-2025 20:40;4.44
25-12-2025 21:00;4.42
25-12-2025 21:20;5.76
25-12-2025 21:40;8.65
25-12-2025 22:00;6.94
25-12-2025 22:20;6.15
25-12-2025 22:40;5.82
25-12-2025 23:00;5.53
25-12-2025 23:20;5.36
25-12-2025 23:40;4.9
26-12-2025 0:00;4.96
26-12-2025 0:20;4.84
26-12-2025 0:40;5.1
26-12-2025 1:00;4.99
26-12-2025 1:20;4.9
26-12-2025 1:40;4.9
26-12-2025 2:00;4.77
26-12-2025 2:20;4.9
26-12-2025 2:40;4.84
26-12-2025 3:00;4.59
26-12-2025 3:20;5.8
26-12-2025 3:40;7.2
26-12-2025 4:00;7.1
26-12-2025 4:20;6.11
26-12-2025 4:40;5.51
26-12-2025 5:00;5.43
26-12-2025 5:20;4.9
26-12-2025 5:40;4.9
26-12-2025 6:00;4.9
26-12-2025 6:20;4.9
26-12-2025 6:40;4.79
26-12-2025 7:00;4.8
26-12-2025 7:20;4.67
26-12-2025 7:40;4.82
26-12-2025 8:00;4.99
26-12-2025 8:20;5.14
26-12-2025 8:40;5.08
26-12-2025 9:00;5.29
26-12-2025 9:20;8.04
26-12-2025 9:40;8.28
26-12-2025 10:00;6.74
26-12-2025 10:20;6.18
26-12-2025 10:40;5.9
26-12-2025 11:00;5.8
26-12-2025 11:20;5.8
26-12-2025 11:40;5.5
26-12-2025 12:00;5.5
26-12-2025 12:20;5.5
26-12-2025 12:40;5.65
26-12-2025 13:00;5.78
26-12-2025 13:20;5.54
26-12-2025 13:40;5.5
26-12-2025 14:00;5.79
26-12-2025 14:20;6.07
26-12-2025 14:40;6.07
26-12-2025 15:00;5.97
26-12-2025 15:20;7.78
26-12-2025 15:40;7.32
26-12-2025 16:00;6.49
26-12-2025 16:20;6.25
26-12-2025 16:40;5.97
26-12-2025 17:00;6.06
26-12-2025 17:20;5.99
26-12-2025 17:40;5.8
26-12-2025 18:00;5.8
26-12-2025 18:20;5.8
26-12-2025 18:40;5.84
26-12-2025 19:00;5.98
26-12-2025 19:20;6.05
26-12-2025 19:40;5.82
26-12-2025 20:00;6.1
26-12-2025 20:20;6.1
26-12-2025 20:40;5.99
26-12-2025 21:00;5.85
26-12-2025 21:20;8.06
26-12-2025 21:40;7.81
26-12-2025 22:00;7.28
26-12-2025 22:20;6.81
26-12-2025 22:40;6.4
26-12-2025 23:00;6.4
26-12-2025 23:20;6.34
26-12-2025 23:40;6.1
27-12-2025 0:00;6.1
27-12-2025 0:20;6.1
27-12-2025 0:40;6.05
27-12-2025 1:00;6.1
27-12-2025 1:20;5.95
27-12-2025 1:40;5.8
27-12-2025 2:00;5.8
27-12-2025 2:20;5.89
27-12-2025 2:40;6.11
27-12-2025 3:00;6.51
27-12-2025 3:20;7.9
27-12-2025 3:40;7.32
27-12-2025 4:00;7.2
27-12-2025 4:20;7.27
27-12-2025 4:40;7.58
27-12-2025 5:00;7.25
27-12-2025 5:20;6.68
27-12-2025 5:40;6.4
27-12-2025 6:00;6.39
27-12-2025 6:20;6.1
27-12-2025 6:40;6.1
27-12-2025 7:00;6.1
27-12-2025 7:20;6.1
27-12-2025 7:40;5.94
27-12-2025 8:00;6.1
27-12-2025 8:20;6.1
27-12-2025 8:40;6.06
27-12-2025 9:00;6.73
27-12-2025 9:20;9.17
27-12-2025 9:40;9.26
27-12-2025 10:00;8.95
27-12-2025 10:20;9.46
27-12-2025 10:40;7.59
27-12-2025 11:00;6.91
27-12-2025 11:20;6.57
27-12-2025 11:40;6.33
27-12-2025 12:00;5.91
27-12-2025 12:20;5.75
27-12-2025 12:40;5.54
27-12-2025 13:00;5.5
27-12-2025 13:20;5.18
27-12-2025 13:40;5.02
27-12-2025 14:00;4.9
27-12-2025 14:20;4.68
27-12-2025 14:40;4.89
27-12-2025 15:00;8.77
27-12-2025 15:20;11.3
27-12-2025 15:40;22.6
27-12-2025 16:00;19.8
27-12-2025 16:20;43.2
27-12-2025 16:40;40.8
27-12-2025 17:00;16.3
27-12-2025 17:20;11.1
27-12-2025 17:40;8.66
27-12-2025 18:00;7.41
27-12-2025 18:20;6.77
27-12-2025 18:40;6.23
27-12-2025 19:00;5.8
27-12-2025 19:20;5.65
27-12-2025 19:40;5.5
27-12-2025 20:00;5.43
27-12-2025 20:20;5.06
27-12-2025 20:40;4.91
27-12-2025 21:00;7.47
27-12-2025 21:20;7.12
27-12-2025 21:40;6.9
27-12-2025 22:00;6.9
27-12-2025 22:20;6.64
27-12-2025 22:40;6.39
27-12-2025 23:00;6.06
27-12-2025 23:20;5.81
27-12-2025 23:40;5.56
28-12-2025 0:00;5.32
28-12-2025 0:20;5.44
28-12-2025 0:40;5.62
28-12-2025 1:00;5.33
28-12-2025 1:20;4.9
28-12-2025 1:40;4.9
28-12-2025 2:00;4.48
28-12-2025 2:20;4.08
28-12-2025 2:40;4.04
28-12-2025 3:00;7.03
28-12-2025 3:20;6.9
28-12-2025 3:40;6.56
28-12-2025 4:00;6.41
28-12-2025 4:20;6.34
28-12-2025 4:40;6.25
28-12-2025 5:00;5.97
28-12-2025 5:20;6.26
28-12-2025 5:40;6.02
28-12-2025 6:00;5.32
28-12-2025 6:20;5.06
28-12-2025 6:40;5.13
28-12-2025 7:00;4.8
28-12-2025 7:20;4.59
28-12-2025 7:40;4.92
28-12-2025 8:00;5.02
28-12-2025 8:20;4.38
28-12-2025 8:40;5.45
28-12-2025 9:00;8.46
28-12-2025 9:20;7.23
28-12-2025 9:40;6.39
28-12-2025 10:00;6.11
28-12-2025 10:20;5.94
28-12-2025 10:40;5.93
28-12-2025 11:00;6.01
28-12-2025 11:20;5.63
28-12-2025 11:40;5.5
28-12-2025 12:00;5.36
28-12-2025 12:20;5.12
28-12-2025 12:40;4.9
28-12-2025 13:00;4.9
28-12-2025 13:20;4.83
28-12-2025 13:40;4.9
28-12-2025 14:00;4.9
28-12-2025 14:20;4.78
28-12-2025 14:40;6.35
28-12-2025 15:00;7.28
28-12-2025 15:20;7.65
28-12-2025 15:40;7.8
28-12-2025 16:00;7.52
28-12-2025 16:20;7.2
28-12-2025 16:40;7.2
28-12-2025 17:00;7.33
28-12-2025 17:20;7.53
28-12-2025 17:40;7.38
28-12-2025 18:00;6.72
28-12-2025 18:20;6.2
28-12-2025 18:40;6.02
28-12-2025 19:00;5.82
28-12-2025 19:20;5.8
28-12-2025 19:40;5.8
28-12-2025 20:00;5.53
28-12-2025 20:20;5.31
28-12-2025 20:40;6.44
28-12-2025 21:00;8.64
28-12-2025 21:20;8.67
28-12-2025 21:40;7.9
28-12-2025 22:00;7.53
28-12-2025 22:20;7.11
28-12-2025 22:40;6.87
28-12-2025 23:00;6.56
28-12-2025 23:20;6.37
28-12-2025 23:40;6.24
29-12-2025 0:00;6.1
29-12-2025 0:20;5.88
29-12-2025 0:40;5.8
29-12-2025 1:00;5.78
29-12-2025 1:20;5.58
29-12-2025 1:40;5.5
29-12-2025 2:00;5.05
29-12-2025 2:20;5.22
29-12-2025 2:40;6.82
29-12-2025 3:00;7.48
29-12-2025 3:20;7.69
29-12-2025 3:40;7.5
29-12-2025 4:00;7.47
29-12-2025 4:20;7.2
29-12-2025 4:40;7.09
29-12-2025 5:00;6.93
29-12-2025 5:20;6.9
29-12-2025 5:40;6.9
29-12-2025 6:00;6.9
29-12-2025 6:20;6.25
29-12-2025 6:40;5.8
29-12-2025 7:00;6.34
29-12-2025 7:20;6.05
29-12-2025 7:40;5.6
29-12-2025 8:00;5.48
29-12-2025 8:20;4.6
29-12-2025 8:40;7.73
29-12-2025 9:00;7.8
29-12-2025 9:20;7.83
29-12-2025 9:40;8.04
29-12-2025 10:00;7.48
29-12-2025 10:20;6.96
29-12-2025 10:40;6.42
29-12-2025 11:00;6.31
29-12-2025 11:20;6.14
29-12-2025 11:40;6.1
29-12-2025 12:00;6.08
29-12-2025 12:20;5.85
29-12-2025 12:40;5.8
29-12-2025 13:00;5.92
29-12-2025 13:20;5.67
29-12-2025 13:40;5.5
29-12-2025 14:00;5.29
29-12-2025 14:20;6.42
29-12-2025 14:40;7.09
29-12-2025 15:00;7.5
29-12-2025 15:20;7.39
29-12-2025 15:40;7.02
29-12-2025 16:00;6.45
29-12-2025 16:20;6.39
29-12-2025 16:40;6.37
29-12-2025 17:00;6.39
29-12-2025 17:20;6.1
29-12-2025 17:40;6.1
29-12-2025 18:00;5.88
29-12-2025 18:20;5.8
29-12-2025 18:40;5.8
29-12-2025 19:00;5.66
29-12-2025 19:20;5.53
29-12-2025 19:40;5.42
29-12-2025 20:00;4.69
29-12-2025 20:20;8.19
29-12-2025 20:40;8.7
29-12-2025 21:00;8.53
29-12-2025 21:20;8.4
29-12-2025 21:40;8.04
29-12-2025 22:00;7.56
29-12-2025 22:20;7.24
29-12-2025 22:40;7.18
29-12-2025 23:00;6.77
29-12-2025 23:20;6.4
29-12-2025 23:40;6.4
30-12-2025 0:00;6.4
30-12-2025 0:20;6.26
30-12-2025 0:40;6.26
30-12-2025 1:00;6.11
30-12-2025 1:20;5.8
30-12-2025 1:40;5.95
30-12-2025 2:00;6.4
30-12-2025 2:20;7.28
30-12-2025 2:40;8.03
30-12-2025 3:00;8.33
30-12-2025 3:20;7.57
30-12-2025 3:40;7.11
30-12-2025 4:00;6.9
30-12-2025 4:20;6.77
30-12-2025 4:40;6.41
30-12-2025 5:00;6.4
30-12-2025 5:20;6.41
30-12-2025 5:40;6.4
30-12-2025 6:00;6.4
30-12-2025 6:20;6.4
30-12-2025 6:40;6.4
30-12-2025 7:00;6.4
30-12-2025 7:20;6.4
30-12-2025 7:40;5.87
30-12-2025 8:00;6.58
30-12-2025 8:20;8.18
30-12-2025 8:40;8.46
30-12-2025 9:00;8.21
30-12-2025 9:20;7.78
30-12-2025 9:40;7.43
30-12-2025 10:00;7.2
30-12-2025 10:20;7.05
30-12-2025 10:40;6.74
30-12-2025 11:00;6.4
30-12-2025 11:20;6.39
30-12-2025 11:40;6.1
30-12-2025 12:00;6.09
30-12-2025 12:20;6.08
30-12-2025 12:40;5.8
30-12-2025 13:00;5.64
30-12-2025 13:20;5.5
30-12-2025 13:40;6.11
30-12-2025 14:00;6.1
30-12-2025 14:20;6.6
30-12-2025 14:40;6.9
30-12-2025 15:00;6.88
30-12-2025 15:20;6.58
30-12-2025 15:40;6.29
30-12-2025 16:00;6.35
30-12-2025 16:20;6.24
30-12-2025 16:40;6.1
30-12-2025 17:00;6.1
30-12-2025 17:20;6.1
30-12-2025 17:40;6.05
30-12-2025 18:00;5.8
30-12-2025 18:20;5.8
30-12-2025 18:40;5.8
30-12-2025 19:00;5.51
30-12-2025 19:20;5.29
30-12-2025 19:40;5.73
30-12-2025 20:00;7.21
30-12-2025 20:20;7.23
30-12-2025 20:40;7.2
30-12-2025 21:00;7.12
30-12-2025 21:20;6.9
30-12-2025 21:40;6.51
30-12-2025 22:00;6.4
30-12-2025 22:20;6.4
30-12-2025 22:40;6.4
30-12-2025 23:00;6.39
30-12-2025 23:20;6.29
30-12-2025 23:40;6.17
31-12-2025 0:00;6.15
31-12-2025 0:20;6.2
31-12-2025 0:40;5.98
31-12-2025 1:00;5.8
31-12-2025 1:20;5.88
31-12-2025 1:40;6.19
31-12-2025 2:00;7.02
31-12-2025 2:20;7.65
31-12-2025 2:40;7.57
31-12-2025 3:00;7.2
31-12-2025 3:20;7.15
31-12-2025 3:40;7.11
31-12-2025 4:00;7.14
31-12-2025 4:20;6.45
31-12-2025 4:40;5.82
31-12-2025 5:00;5.8
31-12-2025 5:20;5.78
31-12-2025 5:40;5.5
31-12-2025 6:00;5.5
31-12-2025 6:20;5.5
31-12-2025 6:40;5.17
31-12-2025 7:00;5.21
31-12-2025 7:20;5.05
31-12-2025 7:40;10.8
31-12-2025 8:00;8.32
31-12-2025 8:20;6.47
31-12-2025 8:40;5.81
31-12-2025 9:00;5.24
31-12-2025 9:20;4.88
31-12-2025 9:40;4.78
31-12-2025 10:00;4.9
31-12-2025 10:20;4.92
31-12-2025 10:40;5.01
31-12-2025 11:00;4.9
31-12-2025 11:20;4.9
31-12-2025 11:40;4.62
31-12-2025 12:00;4.6
31-12-2025 12:20;4.82
31-12-2025 12:40;4.79
31-12-2025 13:00;4.64
31-12-2025 13:20;4.44
31-12-2025 13:40;6.81
31-12-2025 14:00;6.1
31-12-2025 14:20;5.94
31-12-2025 14:40;5.75
31-12-2025 15:00;5.56
31-12-2025 15:20;5.15
31-12-2025 15:40;4.9
31-12-2025 16:00;4.82
31-12-2025 16:20;4.74
31-12-2025 16:40;4.62
31-12-2025 17:00;4.67
31-12-2025 17:20;4.61
31-12-2025 17:40;4.77
31-12-2025 18:00;4.71
31-12-2025 18:20;4.85
31-12-2025 18:40;4.82
31-12-2025 19:00;4.67
31-12-2025 19:20;4.53
31-12-2025 19:40;8.13
31-12-2025 20:00;16.4
31-12-2025 20:20;11.9
31-12-2025 20:40;9.17
31-12-2025 21:00;7.57
31-12-2025 21:20;7.17
31-12-2025 21:40;6.67
31-12-2025 22:00;6.52
31-12-2025 22:20;6.48
31-12-2025 22:40;7.17
31-12-2025 23:00;7.44
31-12-2025 23:20;7.08
31-12-2025 23:40;6.51
1-01-2026 0:00;6.11
1-01-2026 0:20;6.0
1-01-2026 0:40;5.94
1-01-2026 1:00;5.91
1-01-2026 1:20;5.83
1-01-2026 1:40;5.79
1-01-2026 2:00;5.79
1-01-2026 2:20;5.67
1-01-2026 2:40;5.63
1-01-2026 3:00;5.64
1-01-2026 3:20;5.62
1-01-2026 3:40;5.61
1-01-2026 4:00;5.58
1-01-2026 4:20;5.65
1-01-2026 4:40;7.26
1-01-2026 5:00;6.43
1-01-2026 5:20;6.22
1-01-2026 5:40;6.08
1-01-2026 6:00;6.04
1-01-2026 6:20;5.95
1-01-2026 6:40;5.91
1-01-2026 7:00;5.8
1-01-2026 7:20;5.41
1-01-2026 7:40;5.04
1-01-2026 8:00;7.4
1-01-2026 8:20;7.22
1-01-2026 8:40;7.09
1-01-2026 9:00;6.91
1-01-2026 9:20;6.66
1-01-2026 9:40;6.54
1-01-2026 10:00;6.44
1-01-2026 10:20;6.45
1-01-2026 10:40;6.34
1-01-2026 11:00;6.2
1-01-2026 11:20;6.11
1-01-2026 11:40;6.11
1-01-2026 12:00;6.05
1-01-2026 12:20;5.99
1-01-2026 12:40;5.99
1-01-2026 13:00;5.97
1-01-2026 13:20;5.9
1-01-2026 13:40;8.47
1-01-2026 14:00;8.73
1-01-2026 14:20;7.46
1-01-2026 14:40;6.88
1-01-2026 15:00;6.69
1-01-2026 15:20;6.87
1-01-2026 15:40;6.76
1-01-2026 16:00;6.65
1-01-2026 16:20;6.55
1-01-2026 16:40;6.53
1-01-2026 17:00;6.46
1-01-2026 17:20;6.69
1-01-2026 17:40;6.82
1-01-2026 18:00;6.66
1-01-2026 18:20;6.57
1-01-2026 18:40;6.47
1-01-2026 19:00;6.49
1-01-2026 19:20;6.26
1-01-2026 19:40;7.91
1-01-2026 20:00;7.76
1-01-2026 20:20;7.32
1-01-2026 20:40;7.2
1-01-2026 21:00;7.11
1-01-2026 21:20;7.13
1-01-2026 21:40;6.9
1-01-2026 22:00;6.9
1-01-2026 22:20;6.9
1-01-2026 22:40;6.9
1-01-2026 23:00;6.9
1-01-2026 23:20;6.94
1-01-2026 23:40;6.9
2-01-2026 0:00;7.05
2-01-2026 0:20;7.09
2-01-2026 0:40;6.87
2-01-2026 1:00;7.13
2-01-2026 1:20;7.01
2-01-2026 1:40;7.33
2-01-2026 2:00;8.39
2-01-2026 2:20;8.4
2-01-2026 2:40;8.6
2-01-2026 3:00;8.81
2-01-2026 3:20;8.39
2-01-2026 3:40;7.84
2-01-2026 4:00;7.53
2-01-2026 4:20;7.87
2-01-2026 4:40;7.72
2-01-2026 5:00;7.99
2-01-2026 5:20;8.44
2-01-2026 5:40;8.7
2-01-2026 6:00;8.7
2-01-2026 6:20;8.7
2-01-2026 6:40;8.7
2-01-2026 7:00;8.95
2-01-2026 7:20;9.53
2-01-2026 7:40;10.2
2-01-2026 8:00;9.77
2-01-2026 8:20;9.09
2-01-2026 8:40;8.8
2-01-2026 9:00;8.65
2-01-2026 9:20;8.41
2-01-2026 9:40;7.72
2-01-2026 10:00;7.27
2-01-2026 10:20;7.2
2-01-2026 10:40;7.2
2-01-2026 11:00;7.2
2-01-2026 11:20;7.21
2-01-2026 11:40;7.51
2-01-2026 12:00;7.21
2-01-2026 12:20;7.24
2-01-2026 12:40;7.96
2-01-2026 13:00;8.57
2-01-2026 13:20;7.69
2-01-2026 13:40;7.93
2-01-2026 14:00;8.68
2-01-2026 14:20;8.7
2-01-2026 14:40;8.4
2-01-2026 15:00;8.29
2-01-2026 15:20;8.45
2-01-2026 15:40;8.06
2-01-2026 16:00;8.12
2-01-2026 16:20;7.64
2-01-2026 16:40;8.07
2-01-2026 17:00;8.22
2-01-2026 17:20;7.8
2-01-2026 17:40;7.58
2-01-2026 18:00;8.1
2-01-2026 18:20;7.58
2-01-2026 18:40;7.58
2-01-2026 19:00;8.67
2-01-2026 19:20;8.79
2-01-2026 19:40;8.55
2-01-2026 20:00;8.58
2-01-2026 20:20;8.3
2-01-2026 20:40;8.47
2-01-2026 21:00;8.7
2-01-2026 21:20;8.78
2-01-2026 21:40;7.75
2-01-2026 22:00;7.5
2-01-2026 22:20;8.04
2-01-2026 22:40;8.14
2-01-2026 23:00;8.09
2-01-2026 23:20;7.98
2-01-2026 23:40;8.27
3-01-2026 0:00;8.61
3-01-2026 0:20;8.73
3-01-2026 0:40;8.77
3-01-2026 1:00;8.79
3-01-2026 1:20;8.0
3-01-2026 1:40;8.24
3-01-2026 2:00;8.67
3-01-2026 2:20;9.02
3-01-2026 2:40;9.26
3-01-2026 3:00;9.12
3-01-2026 3:20;9.3
3-01-2026 3:40;9.33
3-01-2026 4:00;8.77
3-01-2026 4:20;8.45
3-01-2026 4:40;9.12
3-01-2026 5:00;9.06
3-01-2026 5:20;8.85
3-01-2026 5:40;8.91
3-01-2026 6:00;9.41
3-01-2026 6:20;8.41
3-01-2026 6:40;9.75
3-01-2026 7:00;10.3
3-01-2026 7:20;10.1
3-01-2026 7:40;9.95
3-01-2026 8:00;9.63
3-01-2026 8:20;9.47
3-01-2026 8:40;9.67
3-01-2026 9:00;9.71
3-01-2026 9:20;9.02
3-01-2026 9:40;8.79
3-01-2026 10:00;8.75
3-01-2026 10:20;8.7
3-01-2026 10:40;9.35
3-01-2026 11:00;9.29
3-01-2026 11:20;8.87
3-01-2026 11:40;8.7
3-01-2026 12:00;9.44
3-01-2026 12:20;9.66
3-01-2026 12:40;9.54
3-01-2026 13:00;9.81
3-01-2026 13:20;9.93
3-01-2026 13:40;11.3
3-01-2026 14:00;11.4
3-01-2026 14:20;11.7
3-01-2026 14:40;10.5
3-01-2026 15:00;10.4
3-01-2026 15:20;10.2
3-01-2026 15:40;9.36
3-01-2026 16:00;9.25
3-01-2026 16:20;9.3
3-01-2026 16:40;9.19
3-01-2026 17:00;9.01
3-01-2026 17:20;9.31
3-01-2026 17:40;10.9
3-01-2026 18:00;9.27
3-01-2026 18:20;9.36
3-01-2026 18:40;10.6
3-01-2026 19:00;10.5
3-01-2026 19:20;10.4
3-01-2026 19:40;10.4
3-01-2026 20:00;10.3
3-01-2026 20:20;10.6
3-01-2026 20:40;10.8
3-01-2026 21:00;10.0
3-01-2026 21:20;9.8
3-01-2026 21:40;9.49
3-01-2026 22:00;9.3
3-01-2026 22:20;9.33
3-01-2026 22:40;9.74
3-01-2026 23:00;9.44
3-01-2026 23:20;9.46
3-01-2026 23:40;10.3
4-01-2026 0:00;9.07
4-01-2026 0:20;9.28
4-01-2026 0:40;11.5
4-01-2026 1:00;9.58
4-01-2026 1:20;11.2
4-01-2026 1:40;11.2
4-01-2026 2:00;10.5
4-01-2026 2:20;11.4
4-01-2026 2:40;10.4
4-01-2026 3:00;10.3
4-01-2026 3:20;10.3
4-01-2026 3:40;10.1
4-01-2026 4:00;10.2
4-01-2026 4:20;10.5
4-01-2026 4:40;11.0
4-01-2026 5:00;10.9
4-01-2026 5:20;10.3
4-01-2026 5:40;9.97
4-01-2026 6:00;9.42
4-01-2026 6:20;9.65
4-01-2026 6:40;12.1
4-01-2026 7:00;9.9
4-01-2026 7:20;10.8
4-01-2026 7:40;11.4
4-01-2026 8:00;11.0
4-01-2026 8:20;10.6
4-01-2026 8:40;10.7
4-01-2026 9:00;10.4
4-01-2026 9:20;10.2
4-01-2026 9:40;10.1
4-01-2026 10:00;10.0
4-01-2026 10:20;10.0
4-01-2026 10:40;9.91
4-01-2026 11:00;10.1
4-01-2026 11:20;8.19
4-01-2026 11:40;4.64
4-01-2026 12:00;4.61
4-01-2026 12:20;4.58
4-01-2026 12:40;5.05
4-01-2026 13:00;6.37
4-01-2026 13:20;6.9
4-01-2026 13:40;6.71
4-01-2026 14:00;6.4
4-01-2026 14:20;6.09
4-01-2026 14:40;5.76
4-01-2026 15:00;5.67
4-01-2026 15:20;5.95
4-01-2026 15:40;5.76
4-01-2026 16:00;5.29
4-01-2026 16:20;4.7
4-01-2026 16:40;4.4
4-01-2026 17:00;4.3
4-01-2026 17:20;4.29
4-01-2026 17:40;4.3
4-01-2026 18:00;4.3
4-01-2026 18:20;3.83
4-01-2026 18:40;5.02
4-01-2026 19:00;5.8
4-01-2026 19:20;5.54
4-01-2026 19:40;5.5
4-01-2026 20:00;5.0
4-01-2026 20:20;4.9
4-01-2026 20:40;4.85
4-01-2026 21:00;4.6
4-01-2026 21:20;4.47
4-01-2026 21:40;4.3
4-01-2026 22:00;4.3
4-01-2026 22:20;4.3
4-01-2026 22:40;4.3
4-01-2026 23:00;4.3
4-01-2026 23:20;4.3
4-01-2026 23:40;4.3
5-01-2026 0:00;4.3
5-01-2026 0:20;4.09
5-01-2026 0:40;5.52
5-01-2026 1:00;6.19
5-01-2026 1:20;6.32
5-01-2026 1:40;5.95
5-01-2026 2:00;5.64
5-01-2026 2:20;4.69
5-01-2026 2:40;4.51
5-01-2026 3:00;4.37
5-01-2026 3:20;4.41
5-01-2026 3:40;4.54
5-01-2026 4:00;4.6
5-01-2026 4:20;4.56
5-01-2026 4:40;4.3
5-01-2026 5:00;4.3
5-01-2026 5:20;4.38
5-01-2026 5:40;4.6
5-01-2026 6:00;4.6
5-01-2026 6:20;3.92
5-01-2026 6:40;6.26
5-01-2026 7:00;6.01
5-01-2026 7:20;5.82
5-01-2026 7:40;5.67
5-01-2026 8:00;5.5
5-01-2026 8:20;5.09
5-01-2026 8:40;5.34
5-01-2026 9:00;4.9
5-01-2026 9:20;4.62
5-01-2026 9:40;4.38
5-01-2026 10:00;4.42
5-01-2026 10:20;4.52
5-01-2026 10:40;4.34
5-01-2026 11:00;4.3
5-01-2026 11:20;4.3
5-01-2026 11:40;4.37
5-01-2026 12:00;4.28
5-01-2026 12:20;5.0
5-01-2026 12:40;5.74
5-01-2026 13:00;6.1
5-01-2026 13:20;5.89
5-01-2026 13:40;5.5
5-01-2026 14:00;5.42
5-01-2026 14:20;5.33
5-01-2026 14:40;5.47
5-01-2026 15:00;4.72
5-01-2026 15:20;4.58
5-01-2026 15:40;4.41
5-01-2026 16:00;4.3
5-01-2026 16:20;4.18
5-01-2026 16:40;4.1
5-01-2026 17:00;4.1
5-01-2026 17:20;4.1
5-01-2026 17:40;4.1
5-01-2026 18:00;3.38
5-01-2026 18:20;5.57
5-01-2026 18:40;6.1
5-01-2026 19:00;6.1
5-01-2026 19:20;5.77
5-01-2026 19:40;5.5
5-01-2026 20:00;5.21
5-01-2026 20:20;4.9
5-01-2026 20:40;4.85
5-01-2026 21:00;4.89
5-01-2026 21:20;4.82
5-01-2026 21:40;4.6
5-01-2026 22:00;4.6
5-01-2026 22:20;4.36
5-01-2026 22:40;4.3
5-01-2026 23:00;4.3
5-01-2026 23:20;4.46
5-01-2026 23:40;4.53
6-01-2026 0:00;5.17
6-01-2026 0:20;5.85
6-01-2026 0:40;6.01
6-01-2026 1:00;6.02
6-01-2026 1:20;5.8
6-01-2026 1:40;5.61
6-01-2026 2:00;5.58
6-01-2026 2:20;5.24
6-01-2026 2:40;4.71
6-01-2026 3:00;4.5
6-01-2026 3:20;4.43
6-01-2026 3:40;4.3
6-01-2026 4:00;4.27
6-01-2026 4:20;4.1
6-01-2026 4:40;4.1
6-01-2026 5:00;4.23
6-01-2026 5:20;4.25
6-01-2026 5:40;3.88
6-01-2026 6:00;4.35
6-01-2026 6:20;6.1
6-01-2026 6:40;5.94
6-01-2026 7:00;5.8
6-01-2026 7:20;5.8
6-01-2026 7:40;5.53
6-01-2026 8:00;5.07
6-01-2026 8:20;4.9
6-01-2026 8:40;4.85
6-01-2026 9:00;4.6
6-01-2026 9:20;4.6
6-01-2026 9:40;4.6
6-01-2026 10:00;4.6
6-01-2026 10:20;4.6
6-01-2026 10:40;4.6
6-01-2026 11:00;4.6
6-01-2026 11:20;4.6
6-01-2026 11:40;4.56
6-01-2026 12:00;4.9
6-01-2026 12:20;5.06
6-01-2026 12:40;4.98
6-01-2026 13:00;4.88
6-01-2026 13:20;4.6
6-01-2026 13:40;4.6
6-01-2026 14:00;4.6
6-01-2026 14:20;4.6
6-01-2026 14:40;5.21
6-01-2026 15:00;5.45
6-01-2026 15:20;4.97
6-01-2026 15:40;4.89
6-01-2026 16:00;4.89
6-01-2026 16:20;4.64
6-01-2026 16:40;4.6
6-01-2026 17:00;4.6
6-01-2026 17:20;4.6
6-01-2026 17:40;3.45
6-01-2026 18:00;5.91
6-01-2026 18:20;5.82
6-01-2026 18:40;5.8
6-01-2026 19:00;5.8
6-01-2026 19:20;5.52
6-01-2026 19:40;5.33
6-01-2026 20:00;4.9
6-01-2026 20:20;4.9
6-01-2026 20:40;4.9
6-01-2026 21:00;4.64
6-01-2026 21:20;4.6
6-01-2026 21:40;4.6
6-01-2026 22:00;4.6
6-01-2026 22:20;4.6
6-01-2026 22:40;4.6
6-01-2026 23:00;4.6
6-01-2026 23:20;4.37
6-01-2026 23:40;5.06
7-01-2026 0:00;5.82
7-01-2026 0:20;6.1
7-01-2026 0:40;6.01
7-01-2026 1:00;5.8
7-01-2026 1:20;5.8
7-01-2026 1:40;5.8
7-01-2026 2:00;5.8
7-01-2026 2:20;6.09
7-01-2026 2:40;6.4
7-01-2026 3:00;6.06
7-01-2026 3:20;5.8
7-01-2026 3:40;5.5
7-01-2026 4:00;5.04
7-01-2026 4:20;4.9
7-01-2026 4:40;4.9
7-01-2026 5:00;4.77
7-01-2026 5:20;5.1
7-01-2026 5:40;6.28
7-01-2026 6:00;6.3
7-01-2026 6:20;6.1
7-01-2026 6:40;6.1
7-01-2026 7:00;5.86
7-01-2026 7:20;6.06
7-01-2026 7:40;5.8
7-01-2026 8:00;5.79
7-01-2026 8:20;5.53
7-01-2026 8:40;5.5
7-01-2026 9:00;5.5
7-01-2026 9:20;5.5
7-01-2026 9:40;5.05
7-01-2026 10:00;4.9
7-01-2026 10:20;4.9
7-01-2026 10:40;4.9
7-01-2026 11:00;4.9
7-01-2026 11:20;5.78
7-01-2026 11:40;6.4
7-01-2026 12:00;6.4
7-01-2026 12:20;6.2
7-01-2026 12:40;6.1
7-01-2026 13:00;5.77
7-01-2026 13:20;4.67
7-01-2026 13:40;4.6
7-01-2026 14:00;4.6
7-01-2026 14:20;4.78
7-01-2026 14:40;4.9
7-01-2026 15:00;4.9
7-01-2026 15:20;4.9
7-01-2026 15:40;4.76
7-01-2026 16:00;4.6
7-01-2026 16:20;4.6
7-01-2026 16:40;4.6
7-01-2026 17:00;4.09
7-01-2026 17:20;4.71
7-01-2026 17:40;6.1
7-01-2026 18:00;6.1
7-01-2026 18:20;6.09
7-01-2026 18:40;5.88
7-01-2026 19:00;6.19
7-01-2026 19:20;6.14
7-01-2026 19:40;5.82
7-01-2026 20:00;5.68
7-01-2026 20:20;5.5
7-01-2026 20:40;5.19
7-01-2026 21:00;4.9
7-01-2026 21:20;4.9
7-01-2026 21:40;4.84
7-01-2026 22:00;4.6
7-01-2026 22:20;4.6
7-01-2026 22:40;4.62
7-01-2026 23:00;4.84
7-01-2026 23:20;5.4
7-01-2026 23:40;5.47
8-01-2026 0:00;5.5
8-01-2026 0:20;5.5
8-01-2026 0:40;5.5
8-01-2026 1:00;5.07
8-01-2026 1:20;4.9
8-01-2026 1:40;4.9
8-01-2026 2:00;4.96
8-01-2026 2:20;5.29
8-01-2026 2:40;5.23
8-01-2026 3:00;4.9
8-01-2026 3:20;4.9
8-01-2026 3:40;4.68
8-01-2026 4:00;4.6
8-01-2026 4:20;4.6
8-01-2026 4:40;4.55
8-01-2026 5:00;4.4
8-01-2026 5:20;5.9
8-01-2026 5:40;6.03
8-01-2026 6:00;5.85
8-01-2026 6:20;5.8
8-01-2026 6:40;6.06
8-01-2026 7:00;6.2
8-01-2026 7:20;5.75
8-01-2026 7:40;5.5
8-01-2026 8:00;5.07
8-01-2026 8:20;4.9
8-01-2026 8:40;4.9
8-01-2026 9:00;4.9
8-01-2026 9:20;4.9
8-01-2026 9:40;4.9
8-01-2026 10:00;4.9
8-01-2026 10:20;4.83
8-01-2026 10:40;4.58
8-01-2026 11:00;4.9
8-01-2026 11:20;5.03
8-01-2026 11:40;5.5
8-01-2026 12:00;5.5
8-01-2026 12:20;5.15
